"","class_1","class_2","class_3","class_4","class_5"
"class_1",0.096787073382039,0.116446360291448,0.1585145764546,0.17897013144888,0.449281858423033
"class_2",0.0535659069007393,0.248665299866516,0.201519837280657,0.206585347635145,0.289663608316943
"class_3",0.0442408663080834,0.122834039791567,0.240714160015344,0.231704979838614,0.360505954046392
"class_4",0.0508803541779627,0.118353645670328,0.230781895758839,0.215498598804375,0.384485505588496
"class_5",0.0517719425005722,0.059566703173167,0.171673259040978,0.239657393561878,0.477330701723405
