"","class_1","class_2","class_3","class_4","class_5"
"class_1",0.319352355945856,0.217583740019775,0.147658024907137,0.161910036407383,0.153495842719849
"class_2",0.0823944670936214,0.242236806425482,0.183118459420648,0.229877155505109,0.262373111555139
"class_3",0.0247480469241817,0.111550643434866,0.190688300419225,0.297979381350458,0.375033627871269
"class_4",0.0166795932215189,0.0749792148909448,0.167866967148594,0.300852491145852,0.439621733593089
"class_5",0.00695393151078044,0.0414082113855571,0.105781909815391,0.223878327200303,0.621977620087968
