"activity_class","activity_score"
1,8.09391891891892
2,36.0766847405112
3,72.7765505522515
4,132.793874172185
5,298.023792357606
